Wavelength(um),Transmittance,SEBSControl,05um,1um,2um,4um,8um
2.5,0.1871749471,0,0,0,0,0.00009716302498,0
2.51,0.1871749471,0,0,0,0,0,0
2.52,0.1581115867,0,0,0,0,0,0
2.53,0.1581115867,0,0,0,0,0,0
2.54,0.15158716,0,0,0,0,0,0
2.55,0.15158716,0,0,0,0,0,0
2.56,0.15158716,0,0,0,0,0,0
2.57,0.09322319,0,0,0,0,0,0
2.58,0.09322319,0,0,0,0,0,0
2.59,0.09322319,0,0,0,0,0,0
2.6,0.04624731,0,0,0,0,0,0
2.61,0.04624731,0,0,0,0,0,0
2.8,0.05194136,0,0.0001206743891,0,0,0,0
2.81,0.05194136,0,0.001133773218,0,0,0,0
2.82,0.05194136,0,0.001722455979,0,0,0,0
2.83,0.06617647,0,0.001819195238,0,0,0,0
2.84,0.06617647,0,0.002533973391,0,0,0,0
2.85,0.06617647,0,0.002937213389,0,0,0,0
2.86,0.07187052,0,0.003107323624,0,0,0,0
2.87,0.07187052,0.0002693344394,0.003647984049,0,0,0,0
2.88,0.0818351,0.0005733950688,0.003673635604,0,0,0,0
2.89,0.0818351,0.0004802005552,0.003938609781,0,0,0,0
2.9,0.0818351,0.0006900624968,0.004026205242,0,0,0,0
2.91,0.070802885,0.0008142786141,0.004292896402,0,0,0,0
2.92,0.070802885,0.000627223481,0.004311703162,0,0,0,0
2.93,0.081479215,0.0006380435083,0.004249797346,0,0,0,0
2.94,0.081479215,0.0004915587815,0.004244753779,0,0,0,0
2.95,0.081479215,0.0008637785492,0.004270397223,0,0,0,0
2.96,0.090732045,0.0006884635923,0.004122540812,0,0,0,0
2.97,0.090732045,0.0006378334644,0.004035377111,0,0,0,0.00004710789406
2.98,0.090732045,0.0003674868363,0.004035826795,0,0,0,0.00007396633675
2.99,0.09856136,0.0003163129871,0.003504353676,0,0,0,0.0001978821881
3,0.09856136,0.0001097068401,0.003273734786,0,0,0,0.00009050773792
3.01,0.111728835,0,0.002930791849,0,0,0,0.000001591073647
3.02,0.111728835,0,0.002735623981,0,0,0,0.0000005691983461
3.03,0.111728835,0,0.002610007763,0,0,0,0
3.04,0.13913143,0,0.002355725568,0,0,0,0
3.05,0.13913143,0,0.002302686314,0,0,0,0
3.06,0.13913143,0,0.00202214782,0,0,0,0
3.07,0.15585769,0,0.001856458461,0,0,0,0
3.08,0.15585769,0,0.001769112298,0,0,0,0
3.09,0.157992965,0,0.001606371509,0,0,0,0
3.1,0.157992965,0,0.001479693318,0,0,0,0
3.11,0.157992965,0,0.001017431998,0,0,0,0
3.12,0.16012823,0,0.001259833706,0,0,0,0
3.13,0.16012823,0,0.0008918478074,0,0,0,0
3.14,0.1686693,0,0.0009383109149,0,0,0,0
3.15,0.1686693,0,0.0008527305223,0,0,0.0000008957035789,0
3.16,0.1686693,0,0.0006594711062,0,0,0.00004090833636,0
3.17,0.17222808,0,0.0005819186189,0,0,0.00006027767445,0
3.18,0.17222808,0,0.0007271177411,0,0,0.0000806815935,0
3.19,0.17222808,0,0.0008713630441,0,0,0.0002803229402,0
3.2,0.17222808,0,0.0006850079541,0,0,0.0005895060138,0
3.21,0.17222808,0,0.001068010875,0,0.00001915620974,0.001374066138,0.00004326008614
3.22,0.17365159,0.0009827847329,0.002676539408,0,0.001315648837,0.00327816738,0.001567148756
3.23,0.17365159,0.001405053866,0.003318828445,0.0002202445895,0.001936132923,0.003769044329,0.001853608993
3.24,0.17365159,0.006513671914,0.007905830395,0.004875762965,0.007107990583,0.009165345235,0.006993616157
3.25,0.2218137267,0.006622756391,0.008128363459,0.004890750477,0.007185368158,0.009281487505,0.007265134906
3.26,0.2218137267,0.008880528466,0.01027382796,0.007270243413,0.009363437392,0.01161007965,0.009573514348
3.27,0.2350998333,0.01252377049,0.0133684138,0.01044444335,0.01295146809,0.01523920169,0.01299642788
3.28,0.2350998333,0.006570274094,0.007993502264,0.004938058889,0.007743135856,0.009553233064,0.007430089981
3.29,0.2350998333,0.009019987645,0.01004915688,0.00731204004,0.009981322961,0.01196522102,0.009710902409
3.3,0.3440281175,0.02375685251,0.02439993041,0.02184420962,0.02482635147,0.0278123377,0.02495551186
3.31,0.3440281175,0.02088980739,0.02124553004,0.01861481422,0.02224541036,0.02450622957,0.02189471134
3.32,0.3440281175,0.009277256882,0.01005674449,0.007334164476,0.009882192112,0.01163766844,0.009450596769
3.33,0.3669822388,0.01103213846,0.01192564285,0.009216833319,0.01191890919,0.01332256194,0.01126659085
3.34,0.3669822388,0.01197012202,0.01266084483,0.01016850657,0.0130126583,0.01460560005,0.01222034054
3.35,0.4147334243,0.01821699927,0.01879497914,0.01661167229,0.01939093805,0.02112411792,0.01841147148
3.36,0.4147334243,0.03955640578,0.04035140463,0.03908091706,0.04070633109,0.04235909632,0.03922557107
3.37,0.4147334243,0.08909975266,0.09011160418,0.09020056929,0.09074051839,0.09257014518,0.08855663708
3.38,0.44545331,0.1220634589,0.1241331347,0.1240195788,0.1237272533,0.1252511908,0.1205867844
3.39,0.44545331,0.1094967658,0.1123735387,0.1120377665,0.111513843,0.113219087,0.1089010843
3.4,0.5871816717,0.1698941605,0.1715269793,0.1726998498,0.1724585195,0.1768140257,0.1707462431
3.41,0.5871816717,0.301887007,0.30183668,0.3048363813,0.3054799948,0.3123088486,0.3036407771
3.42,0.5871816717,0.4385013152,0.4415592453,0.4476570305,0.4447109027,0.4511485128,0.4390722585
3.43,0.62305416,0.42426434,0.4334482713,0.4417650791,0.4321647891,0.4326312159,0.421234025
3.44,0.62305416,0.3103431149,0.310496272,0.3170299084,0.3126327317,0.3175839524,0.3092482703
3.45,0.62305416,0.229627294,0.2288166502,0.2333926035,0.2309357435,0.2363218419,0.2295443374
3.46,0.649816176,0.1613231524,0.1618316813,0.1651949217,0.1638262971,0.1674017098,0.1618825125
3.47,0.649816176,0.1233346263,0.1240082707,0.126179234,0.1263868025,0.1300313961,0.1240411439
3.48,0.655367872,0.1323929857,0.132979933,0.1342073129,0.135262703,0.1398711786,0.1335703627
3.49,0.655367872,0.153659205,0.1535150281,0.154313342,0.1554970214,0.1618569666,0.1558344867
3.5,0.655367872,0.271845854,0.2712323477,0.2744560173,0.2733088964,0.2812072139,0.273475193
3.51,0.6919877025,0.3098879395,0.31717126,0.324902324,0.3150020739,0.3167322197,0.3065280376
3.52,0.6919877025,0.132376143,0.1352733684,0.138736072,0.135163449,0.1368481356,0.1314812867
3.53,0.7362945,0.0496655845,0.0507015163,0.0503005036,0.05213519351,0.05401148711,0.05117928328
3.54,0.7362945,0.02818692327,0.02898065342,0.02724989021,0.03090533987,0.03312045847,0.03064558762
3.55,0.7362945,0.01976814181,0.0202094369,0.01798767512,0.02246805728,0.02502902903,0.02199334647
3.56,0.75373251,0.0147435139,0.01517424769,0.01270274714,0.01714295753,0.01975319726,0.01664266135
3.57,0.75373251,0.01107766324,0.01217593117,0.009641498624,0.01329331321,0.01539450281,0.01279535876
3.58,0.75373251,0.008549385124,0.009696286436,0.00724332092,0.01002091641,0.01215195109,0.00991356368
3.59,0.76013832,0.006529312092,0.007338903209,0.004839802058,0.007775927144,0.009683340338,0.007564968485
3.6,0.76013832,0.004709012749,0.005190201773,0.00275345193,0.006020029,0.007974039477,0.005879489575
3.61,0.76654412,0.003245911327,0.003682324383,0.0009955396394,0.004629365115,0.006771848918,0.004782476615
3.62,0.76654412,0.002513556869,0.002929652634,0.0004200270498,0.00409525579,0.006064944577,0.004188807516
3.63,0.76654412,0.002476331767,0.002580153002,0.0001096654188,0.004021644855,0.005597973449,0.003938849958
3.64,0.77437343,0.002518151817,0.00270050156,0.000360285865,0.003867747219,0.005561338282,0.003837933235
3.65,0.77437343,0.002844232306,0.003030408943,0.0004750187406,0.004272041195,0.005982562257,0.004083317502
3.66,0.77437343,0.003356122402,0.00328543989,0.0008665451246,0.004555836924,0.006536288405,0.004633539541
3.67,0.7765087,0.00335841216,0.003386185203,0.001126012637,0.004829692571,0.006662106264,0.004544144537
3.68,0.7765087,0.00299343669,0.002740436086,0.0006028493101,0.004302994252,0.006135901742,0.004053508996
3.69,0.77935572,0.002479106441,0.002194701297,0.00004015350755,0.003790900641,0.005728473644,0.003686533724
3.7,0.77935572,0.002495185166,0.002108779406,0.00002327853404,0.003930595225,0.005632319115,0.003645239395
3.71,0.77935572,0.002603130709,0.002145084855,0.0003056840902,0.004344699693,0.005797156963,0.004012232412
3.72,0.7829145,0.00308527903,0.002429717034,0.0006771848545,0.004784339101,0.006007745809,0.004408911426
3.73,0.7829145,0.00344562514,0.002407670895,0.0009666162856,0.005044854558,0.005984854339,0.004470805634
3.74,0.79430259,0.003408909378,0.002030624077,0.0007478252001,0.0048026731,0.005666658402,0.00425300632
3.75,0.79430259,0.00305315864,0.001592579083,0.0004590265043,0.004880343094,0.005199484095,0.003904448677
3.76,0.79430259,0.003195470657,0.001900121932,0.001107139059,0.005279198288,0.005107859054,0.004037468154
3.77,0.79643786,0.003039388017,0.001751189927,0.001551654513,0.005398063775,0.004835211081,0.003941144736
3.78,0.79643786,0.002901643303,0.001416675597,0.001265386257,0.005157792937,0.004525808703,0.003590161711
3.79,0.79643786,0.002713360348,0.001011921323,0.0009787962945,0.005417980039,0.004090201887,0.003298753849
3.8,0.79999664,0.002338983216,0.0005262618164,0.0006585466847,0.005332325724,0.003741569201,0.003057748724
3.81,0.79999664,0.002099582519,0.00005981801346,0.0003556276586,0.004804244002,0.00330792979,0.002683505504
3.82,0.80284366,0.0017277436,0,0.000004628124316,0.004567304528,0.002897052373,0.002340365695
3.83,0.80284366,0.001196357008,0,0.00004346946521,0.004123683739,0.002848834656,0.002446950209
3.84,0.80284366,0.0008906887563,0,0,0.004197514385,0.002816692066,0.002196771996
3.85,0.80640244,0.0006785357331,0,0,0.004085850564,0.002580159457,0.001575101635
3.86,0.80640244,0.0002809409162,0,0,0.00322391212,0.002415244622,0.001111738593
3.87,0.8071142,0,0,0,0.002708978935,0.002233768356,0.0005019544623
3.88,0.8071142,0,0,0,0.002098658758,0.001967913901,0.00009762210964
3.89,0.80711419,0,0,0,0.001400352559,0.001734859116,0
3.9,0.81067297,0,0,0,0.0008636099019,0.001098160747,0
3.91,0.81067297,0,0,0,0.0006323412246,0.000658768772,0
3.92,0.81067297,0,0,0,0.0004805887226,0.0007931551779,0
3.93,0.80426717,0,0,0,0.000002198944594,0.0007611706595,0
3.94,0.80426717,0,0,0,0,0.0003020264966,0
3.95,0.77413618,0,0,0,0,0.0002594897873,0
3.96,0.77413618,0,0,0,0,0.0001821090408,0
3.97,0.77413618,0,0,0,0,0.0001780118638,0
3.98,0.7731871733,0,0,0,0,0.0000003845309493,0
3.99,0.7731871733,0,0,0,0,0,0
4,0.7701029,0,0,0,0,0,0
4.01,0.7701029,0,0,0,0,0,0
4.02,0.7701029,0,0,0,0,0,0
4.03,0.7412767875,0,0,0,0,0,0
4.04,0.7412767875,0,0,0,0,0,0
4.05,0.7412767875,0,0,0,0,0,0
4.06,0.695083842,0,0,0,0,0,0
4.07,0.695083842,0,0,0,0,0,0
4.08,0.62083755,0,0,0,0,0,0
4.09,0.62083755,0,0,0,0,0,0
4.1,0.62083755,0,0,0,0,0,0
4.11,0.4817771164,0,0,0,0,0,0
4.12,0.4817771164,0,0,0,0,0,0
4.13,0.4324934242,0,0,0,0,0,0
4.14,0.4324934242,0,0,0,0,0,0
4.15,0.4324934242,0,0,0,0,0,0
4.16,0.3821451793,0,0,0,0,0,0
4.17,0.3821451793,0,0,0,0,0,0
4.18,0.3821451793,0,0,0,0,0,0
4.19,0.3409141854,0,0,0,0,0,0
4.2,0.3409141854,0,0,0,0,0,0
4.21,0.2540799856,0,0,0,0,0,0
4.22,0.2540799856,0,0,0,0,0,0
4.23,0.2540799856,0,0,0,0,0,0
4.24,0.1871749457,0,0,0,0,0,0
4.25,0.1871749457,0,0,0,0,0,0
4.26,0.1871749457,0,0,0,0,0,0
4.27,0.08064883667,0,0,0,0,0,0
4.28,0.08064883667,0,0,0,0,0,0
4.29,0.05905891,0,0,0,0,0,0
4.3,0.05905891,0.00004904080367,0,0.0001461776738,0.001336557751,0.0004892808832,0.000208449171
4.31,0.05905891,0.0000005618228715,0,0.000000566427907,0.001342626597,0.00005997291911,0.00002196246547
4.4,0.05336487,0,0,0,0.002232727638,0,0.00009277029602
4.41,0.05336487,0,0,0,0.00180426115,0,0
4.42,0.10959357,0,0,0,0.0009576351007,0,0
4.43,0.10959357,0,0,0,0.001033762054,0,0
4.44,0.10959357,0,0,0,0.000002647937799,0,0
4.45,0.1316579975,0,0,0,0,0,0
4.46,0.1316579975,0,0,0,0,0,0
4.47,0.135216778,0,0,0,0.00001238714053,0,0
4.48,0.135216778,0,0,0,0.00128968507,0,0
4.49,0.135216778,0,0,0,0.0009778100789,0,0
4.5,0.16639168,0,0,0,0,0,0
4.51,0.166391678,0,0,0,0,0,0
4.52,0.16639168,0,0,0,0,0,0
4.53,0.20413846,0.00005488577001,0,0,0,0,0
4.54,0.20413846,0.00006911712603,0,0,0,0,0
4.55,0.3203622388,0,0,0,0,0,0
4.56,0.3203622388,0,0,0,0,0,0
4.57,0.3203622388,0,0,0,0,0,0
4.58,0.3768070114,0.0003180758445,0,0,0,0,0
4.59,0.3768070114,0.0006609511506,0,0,0.0001019861538,0,0
4.6,0.3795523543,0,0,0,0,0,0
4.61,0.3795523543,0,0,0,0,0,0
4.62,0.3795523543,0,0,0,0,0,0
4.63,0.3810775443,0,0,0,0,0.0001204263852,0
4.64,0.3810775443,0,0,0,0,0,0
4.65,0.3810775443,0,0,0,0,0,0
4.66,0.4480334225,0,0,0,0,0,0
4.67,0.4480334225,0,0,0,0,0,0
4.68,0.4661831967,0,0,0,0,0,0
4.69,0.4661831967,0,0,0,0,0,0
4.7,0.4661831967,0,0,0,0,0,0
4.71,0.4630989233,0,0,0,0,0,0
4.72,0.4630989233,0,0,0,0,0,0
4.73,0.4630989233,0,0,0,0,0,0
4.74,0.439670295,0,0,0,0,0,0
4.75,0.439670295,0,0,0,0,0,0
4.76,0.3976173933,0,0,0,0,0,0
4.77,0.3976173933,0,0,0,0,0,0
4.78,0.3976173933,0,0,0,0,0,0
4.79,0.3727059433,0,0,0,0,0,0
4.8,0.3727059433,0,0,0,0,0,0
4.81,0.3665373933,0,0,0,0,0,0
4.82,0.3665373933,0,0,0,0,0,0
4.83,0.3665373933,0,0,0,0,0,0
4.84,0.3457185375,0,0,0,0,0,0
4.85,0.3457185375,0,0,0,0,0,0
4.86,0.3457185375,0,0,0,0,0,0
4.87,0.29536182,0,0,0,0.001318473637,0,0
4.88,0.29536182,0,0,0,0.003115494974,0,0
4.89,0.2716366267,0,0,0,0.003336280029,0,0
4.9,0.2716366267,0.00134103096,0,0,0,0,0
4.91,0.2716366267,0.0001326067852,0,0,0,0,0
4.92,0.2488604433,0,0,0,0,0,0
4.93,0.2488604433,0,0,0,0,0,0
4.94,0.2417428867,0,0,0,0,0,0
4.95,0.2417428867,0,0,0,0,0,0
4.96,0.2417428867,0,0,0,0,0,0
4.97,0.23343907,0,0,0,0,0,0
4.98,0.23343907,0,0,0,0.0001332867248,0,0
4.99,0.23343907,0,0,0,0,0,0
5,0.213509905,0,0,0,0,0,0
5.01,0.213509905,0,0,0,0,0,0
5.02,0.1885984567,0,0,0,0.0001673980359,0,0
5.03,0.1885984567,0,0,0,0.003062827583,0.00001250500952,0
5.04,0.1885984567,0.001043834691,0.00003775526643,0,0.006809228544,0,0
5.05,0.1681947933,0.002112632368,0.002520796224,0,0.005745853186,0.0006096439848,0
5.06,0.1681947933,0,0.0000310800679,0,0.00006030953591,0.00004512048547,0
5.07,0.1346829625,0,0,0,0,0.001117919888,0
5.08,0.1346829625,0,0,0,0,0.0003499659545,0
5.09,0.1346829625,0,0,0,0,0,0
5.1,0.1147538,0,0,0,0,0,0
5.11,0.1147538,0,0,0,0,0.00003218642264,0
5.12,0.1147538,0,0,0,0,0.0001413325088,0
5.13,0.1202699067,0,0,0,0,0.001058577249,0
5.14,0.1202699067,0,0,0,0,0.002141626173,0
5.15,0.098917235,0,0,0,0,0.003608463877,0
5.16,0.098917235,0,0,0,0,0.003280381357,0
5.17,0.098917235,0,0,0,0,0.002814354145,0
5.18,0.08895265,0,0,0,0,0.001036586475,0
5.19,0.08895265,0,0,0,0,0,0
5.2,0.05194136,0,0,0,0,0.0001860121295,0
5.21,0.05194136,0,0,0,0,0.0004227664576,0
5.22,0.05194136,0.003239768748,0.0048666174,0.003669006392,0.004370061809,0.003366012773,0.002099178294
7.68,0.02702991,0.04134207986,0.04587468068,0.04410932792,0.04448573213,0.04102917844,0.04000283263
7.69,0.02702991,0.02480828415,0.02670496848,0.02499912278,0.03323326068,0.03085222431,0.02855100315
7.7,0.02702991,0.0242916738,0.02609004002,0.0244687094,0.03304736531,0.03047278351,0.02812590647
7.71,0.0320122,0.02343754572,0.02551130436,0.02400047846,0.03269417247,0.02995918989,0.02767823883
7.72,0.0320122,0.02253320669,0.02494793369,0.02342183997,0.03221429312,0.0295347161,0.027230365
7.73,0.0320122,0.02195687862,0.02431864218,0.02282802041,0.03184542533,0.02915476616,0.02678228486
7.74,0.03485922,0.02161225991,0.02380022471,0.02239660192,0.03150897031,0.02875229696,0.02626673366
7.75,0.03485922,0.02120891786,0.02341915312,0.0220311934,0.03115477767,0.02834966298,0.02566117616
7.76,0.04411204,0.0207580641,0.02304782826,0.02164514916,0.03088614863,0.02799163504,0.02512259919
7.77,0.04411204,0.02037919135,0.02268491513,0.02131461843,0.03074042473,0.02770063974,0.02480828932
7.78,0.04411204,0.02020774968,0.02240560968,0.02111155874,0.03080536699,0.02770063974,0.02458371728
7.79,0.04838258,0.02021677403,0.02227999787,0.020981045,0.030970942,0.02770063974,0.02456125956
7.8,0.04838258,0.02016037117,0.02233762782,0.020854798,0.03105595013,0.02792449417,0.02456125956
7.81,0.0576354,0.02010847836,0.02261335104,0.02091386428,0.03125449084,0.0280587759,0.02456125956
7.82,0.0576354,0.02017165194,0.02291915113,0.02118142697,0.03170920011,0.02814829706,0.02456125956
7.83,0.0576354,0.02024835778,0.02309552195,0.02141421981,0.03221763537,0.02814829706,0.02462863272
7.84,0.06190594,0.02031603429,0.02322912782,0.02162442763,0.03258659339,0.02814829706,0.02478583677
7.85,0.06190594,0.02038370592,0.02329367532,0.02178954509,0.03285163661,0.02821542247,0.02507770443
7.86,0.06190594,0.02058443336,0.02332898295,0.02180508693,0.03311037256,0.02837204842,0.02539193159
7.87,0.06759998,0.02111424449,0.02349875491,0.02180148305,0.03337015157,0.02837204842,0.02577335622
7.88,0.06759998,0.02193432895,0.02383236933,0.02193481336,0.03374043898,0.02837204842,0.02628915522
7.89,0.12454044,0.02299669938,0.02412543064,0.02216247211,0.03426892572,0.02837204842,0.02696151279
7.9,0.12454044,0.02453864152,0.02425395364,0.02229485609,0.0347911292,0.02837204842,0.0280810789
7.91,0.12454044,0.02705080693,0.02449589039,0.02243059464,0.03529705244,0.02837204842,0.02982496496
7.92,0.1384196775,0.03051675753,0.02513132954,0.02280754698,0.0358795212,0.02837204842,0.03239039066
7.93,0.1384196775,0.03512622608,0.02612319351,0.02326105799,0.03655370843,0.02826017274,0.03570425658
7.94,0.180911496,0.04048757801,0.02725227301,0.02365815436,0.03722587967,0.02814829706,0.0395598461
7.95,0.180911496,0.04599510835,0.02842500698,0.0242182084,0.03787674954,0.02814829706,0.04346626762
7.96,0.180911496,0.05138373356,0.02968614746,0.02508799404,0.03875206162,0.02814829706,0.04707169707
7.97,0.189879618,0.0565899122,0.03098960867,0.02612297417,0.03992639125,0.02814829706,0.05026996498
7.98,0.189879618,0.06133548183,0.03247509481,0.02717231481,0.04126531877,0.02826017274,0.05293427038
7.99,0.189879618,0.06551930488,0.03430257621,0.0282950235,0.04263855537,0.02850626833,0.05493852867
8,0.215645176,0.06932024442,0.0362285268,0.02954761329,0.04377824814,0.02877466695,0.05646062087
8.01,0.215645176,0.07257205212,0.03804365891,0.03088473245,0.04473400109,0.02913241162,0.05743781414
8.02,0.261766948,0.07517383892,0.03987877603,0.03226391265,0.04592956651,0.02942298458,0.05789350041
8.03,0.261766948,0.07687602508,0.04183351155,0.03359463885,0.04737266048,0.02973580916,0.05771992801
8.04,0.261766948,0.07742857285,0.04382743692,0.03479374825,0.04868832458,0.03007086996,0.05706877413
8.05,0.34148359,0.07708859202,0.045839393,0.0360710147,0.04972518912,0.03047278865,0.05604775018
8.06,0.34148359,0.07604668943,0.04796744971,0.03767015067,0.05065685721,0.03080759238,0.05480801171
8.07,0.3715196825,0.07479059828,0.0502928307,0.03933858242,0.05163040979,0.03109766654,0.05361024043
8.08,0.3715196825,0.07331943374,0.05271445244,0.0408431312,0.05264353832,0.03127613262,0.0524327794
8.09,0.3715196825,0.07154668853,0.05490670643,0.0422950324,0.05373511129,0.03152145671,0.0512538514
8.1,0.37685785,0.06974916381,0.05684347474,0.04366723821,0.05484568344,0.03190047631,0.05016093802
8.11,0.37685785,0.06809840431,0.05881784776,0.04501084691,0.05575756985,0.03241304262,0.04911057287
8.12,0.37685785,0.06655217719,0.06083504017,0.04649286838,0.0564091813,0.0328585303,0.04825629926
8.13,0.377747545,0.06511102703,0.06283516537,0.04794456521,0.0569865048,0.03323703689,0.04753283678
8.14,0.377747545,0.06384011826,0.06493931571,0.04922986759,0.05771687413,0.03361539482,0.04687466847
8.15,0.42063083,0.0627617037,0.06714616624,0.05045788965,0.05857264334,0.03392687431,0.04623801211
8.16,0.42063083,0.06176847908,0.06925678391,0.05165703386,0.0593416603,0.03417153172,0.04573278204
8.17,0.42063083,0.06088231734,0.0709847421,0.05281017137,0.06007540819,0.0345272844,0.04529322454
8.18,0.42347785,0.05995200837,0.07240896619,0.05392966611,0.06090654277,0.03499401976,0.04489745373
8.19,0.42347785,0.05897746658,0.07395848099,0.05505587919,0.06170390108,0.03539390248,0.04445751147
8.2,0.42347785,0.05808868321,0.07566976094,0.0562913543,0.06236889131,0.03568260296,0.04414943536
8.21,0.4676067075,0.05743782413,0.07733200638,0.0575634309,0.0629900385,0.03603780314,0.04395132961
8.22,0.4676067075,0.05680822061,0.07893887479,0.05866106918,0.06361551804,0.03639287044,0.04381923545
8.23,0.4725889975,0.05611298612,0.08044810479,0.05964070822,0.06422248144,0.03681434555,0.0436210638
8.24,0.4725889975,0.05526496887,0.08186563372,0.06072896778,0.06484433501,0.03719130703,0.04340082405
8.25,0.4725889975,0.05419844648,0.08337530455,0.06201187986,0.06559293312,0.03761243495,0.04315850099
8.26,0.4889593775,0.05286900959,0.08498259561,0.0633955044,0.06648195485,0.03807767325,0.04291611706
8.27,0.4889593775,0.05103521844,0.08654102002,0.064663187,0.06737894595,0.03858696595,0.04260753384
8.28,0.519742815,0.04865039275,0.08804407787,0.06576674164,0.06820599322,0.03909598849,0.04207830487
8.29,0.519742815,0.04597412286,0.08951279979,0.06690141755,0.06897035002,0.03967108277,0.04135013758
8.3,0.519742815,0.04309203791,0.09093331226,0.06815530997,0.06979853822,0.04024582574,0.04044467795
8.31,0.563693735,0.04022337597,0.09240070306,0.06947523309,0.07081300259,0.04093064981,0.0395383738
8.32,0.563693735,0.03739048487,0.09397046483,0.07078366993,0.07182104482,0.04159292268,0.03863120905
8.33,0.563693735,0.03474934194,0.09554085913,0.07203150335,0.07266785569,0.04218858968,0.03776752288
8.34,0.56938778,0.03245743851,0.09707858897,0.07338367999,0.07355056984,0.04278387581,0.03719130192
8.35,0.56938778,0.03071823088,0.09857739246,0.07490518161,0.07445803587,0.04326864876,0.0367034496
8.36,0.57116717,0.02937823434,0.09992782662,0.07628896595,0.0751932108,0.04364308118,0.03621534701
8.37,0.57116717,0.02837201236,0.1011549466,0.07737584594,0.07589374077,0.04401736655,0.03572700426
8.38,0.57116717,0.02754389009,0.1023805931,0.07831394286,0.07665179095,0.04428147883,0.03548274599
8.39,0.57294656,0.02689431521,0.1035994121,0.07925128754,0.07728027208,0.04447951364,0.0352828481
8.4,0.57294656,0.0262667285,0.1048610804,0.08032299184,0.07780575708,0.04472150215,0.0352828481
8.41,0.5722348,0.02575092434,0.1063199658,0.08159415593,0.0784894451,0.04509536192,0.0352828481
8.42,0.5722348,0.02570606058,0.1079406279,0.08296831601,0.07940455699,0.04564487965,0.03563818633
8.43,0.5722348,0.02622187507,0.1095505772,0.08437225527,0.08042697464,0.04645757336,0.03634846404
8.44,0.5594232,0.02729750069,0.1111555579,0.08589232218,0.08153432632,0.04757665406,0.03741291516
8.45,0.5594232,0.02855094134,0.112845893,0.08761304263,0.08280698626,0.04886967098,0.03871971566
8.46,0.5594232,0.0296240725,0.1144928892,0.08927921835,0.08406463777,0.04987660687,0.03993635815
8.47,0.5594232,0.03042812074,0.1157853127,0.09039652273,0.08489209742,0.05027034264,0.04084232134
8.48,0.5594232,0.03116457077,0.1165639713,0.09079586898,0.08511122299,0.04992036368,0.04123979181
8.49,0.56796427,0.03207875757,0.1169995938,0.09074457589,0.08489652931,0.04915435992,0.04139430943
8.5,0.56796427,0.03332598782,0.117491677,0.09065119576,0.08453993807,0.04830012666,0.0418356468
8.51,0.56796427,0.03517156353,0.1183895489,0.09089257492,0.08431963816,0.04775214539,0.04269566422
8.52,0.57009953,0.03739060736,0.1197007167,0.09154103881,0.08441429893,0.04764251381,0.04399527821
8.53,0.57009953,0.039803527,0.1212056499,0.09235605442,0.08481286741,0.04766444013,0.04546897871
8.54,0.5786406,0.04225450464,0.1228348496,0.09321501974,0.08532985149,0.04786177698,0.04702820318
8.55,0.5786406,0.0447652229,0.1246601783,0.09421582987,0.08580739365,0.04812482211,0.04856297502
8.56,0.5786406,0.04722549961,0.1266134689,0.09540572428,0.08631350222,0.04849734238,0.04998594098
8.57,0.6163636567,0.04943882203,0.1285245025,0.09671907369,0.08698058586,0.04900111785,0.05114462296
8.58,0.6163636567,0.05114458272,0.1302978018,0.09806313339,0.08781039832,0.04957028398,0.05212730676
8.59,0.6163636567,0.05245461,0.1319079957,0.09937222399,0.08876346993,0.05018284412,0.05282547395
8.6,0.6246674733,0.05354488421,0.1334188179,0.1006926515,0.08978366946,0.05090428016,0.05332696491
8.61,0.6246674733,0.05467741959,0.134947914,0.1021959502,0.09085442715,0.05186532949,0.05393710183
8.62,0.6275144967,0.05602598985,0.1365077204,0.1039705591,0.09216327173,0.05315248591,0.05485155745
8.63,0.6275144967,0.05750284507,0.1381262187,0.1059230675,0.09384086713,0.05472089517,0.05613466137
8.64,0.6275144967,0.05891244059,0.1399417045,0.1079707446,0.09566181403,0.05648227614,0.05752455537
8.65,0.643054495,0.05971392388,0.1418295076,0.1100223767,0.09731619747,0.05815367423,0.05873909784
8.66,0.643054495,0.05906406811,0.1433531212,0.1117360325,0.0985911399,0.05932411218,0.05915083927
8.67,0.65551022,0.05641663494,0.1442742318,0.1127888076,0.09924827562,0.05956236119,0.0581536193
8.68,0.65551022,0.0516893422,0.1446644935,0.1132765331,0.09926030747,0.05908582326,0.05567780943
8.69,0.65551022,0.04548901724,0.1446906884,0.1134908948,0.09898835977,0.0582621757,0.0521267037
8.7,0.6654748,0.03858489649,0.1446835981,0.1136664246,0.09876945926,0.05756803592,0.04847492672
8.71,0.6654748,0.03207726939,0.1449712751,0.1140336927,0.09863062096,0.05713394001,0.04546877629
8.72,0.6654748,0.02684866728,0.1455516577,0.1147221133,0.09856544912,0.05691681208,0.04329055455
8.73,0.66476305,0.02309986266,0.1463533861,0.115669864,0.09874330689,0.05680823561,0.04172526546
8.74,0.66476305,0.02062035534,0.1474887007,0.1168041197,0.0992996907,0.05700367325,0.04059933288
8.75,0.66333954,0.01897283602,0.1489796116,0.1181450659,0.1001228646,0.05726419177,0.03989218122
8.76,0.66333954,0.01785860511,0.1506635268,0.1197325,0.1010073992,0.05756804591,0.0394499385
8.77,0.66333954,0.01704415291,0.152427845,0.1215337493,0.1019125659,0.05793687603,0.03925086741
8.78,0.66262778,0.01637172044,0.1542728149,0.1234334656,0.1029355895,0.05834892694,0.03905175047
8.79,0.66262778,0.01591185057,0.1562697671,0.1254059916,0.1041068139,0.05891249049,0.03905175047
8.8,0.66262778,0.01569883246,0.1584792383,0.1275695319,0.1053663331,0.05954069086,0.0392287433
8.81,0.6718806,0.015614971,0.1608757797,0.1300090044,0.1067283576,0.06014683196,0.0396047512
8.82,0.6718806,0.01551070011,0.1634843028,0.1327446277,0.1083197076,0.06083907635,0.040024824
8.83,0.67401587,0.01536560915,0.1664386735,0.1357876975,0.1101949004,0.06172527292,0.04035632915
8.84,0.67401587,0.01515246724,0.1697734491,0.1390964819,0.112296543,0.0626753908,0.04075398271
8.85,0.67401587,0.01489164818,0.1734424637,0.1426506252,0.1146831017,0.06373233887,0.04123977656
8.86,0.679709915,0.01471470712,0.1775554764,0.1465897914,0.1175414301,0.06487421494,0.04187976783
8.87,0.679709915,0.01464891292,0.1823060197,0.1511088881,0.12089006,0.06618673839,0.04265160411
8.88,0.681489305,0.01456496097,0.1878271614,0.1563680553,0.1245768162,0.06760477348,0.04351091603
8.89,0.681489305,0.01434483619,0.1942486934,0.1625726088,0.128628125,0.06927779958,0.0445674717
8.9,0.681489305,0.01407472362,0.2016776688,0.1698873806,0.1333021646,0.07114035513,0.04582060854
8.91,0.68540396,0.01398618443,0.2102053216,0.1783401491,0.1388007304,0.07336195863,0.04724760778
8.92,0.68540396,0.01418595413,0.2200700012,0.1879734021,0.1451702433,0.07583365223,0.04889149643
8.93,0.68540396,0.01450369088,0.2315464581,0.1989093193,0.1523869146,0.07863821856,0.05081668606
8.94,0.68611572,0.01483266818,0.2447444503,0.2112756481,0.1604305702,0.08179378905,0.0529997471
8.95,0.68611572,0.0151932813,0.2597311567,0.2250926748,0.1692602577,0.08514922405,0.05517778725
8.96,0.69394503,0.0155786986,0.2765608837,0.2401333341,0.1786870664,0.08868131163,0.05748097487
8.97,0.69394503,0.01595036967,0.2950903394,0.255991823,0.1883734267,0.09213710478,0.05990852317
8.98,0.69394503,0.01635134195,0.3148567805,0.272188232,0.1979683847,0.09547570406,0.06211390958
8.99,0.69394503,0.01677253226,0.3352349287,0.2881696599,0.2071654742,0.09859451736,0.06422793054
9,0.69394503,0.01702380573,0.3555347597,0.3033424121,0.2156069474,0.101454332,0.06599316682
9.01,0.69394503,0.0170079617,0.3750146222,0.3172145299,0.2229586235,0.1040162634,0.06743301004
9.02,0.69394503,0.01682913412,0.3928822635,0.3292847073,0.2290604857,0.1060565016,0.06857042017
9.03,0.69394503,0.01659819462,0.4083262591,0.3389709744,0.2339402237,0.1075784605,0.06947078266
9.04,0.69465679,0.01639664737,0.4206266876,0.3457910272,0.2376347348,0.1087490146,0.07017759463
9.05,0.69465679,0.01636720424,0.4293975257,0.3496529868,0.2402140966,0.1095695328,0.07066989783
9.06,0.69465679,0.01660272157,0.434468901,0.3507047777,0.2418224091,0.110081976,0.07099082781
9.07,0.69821557,0.01691741848,0.4358802341,0.3492835725,0.2426411458,0.1101844316,0.07124749101
9.08,0.69821557,0.01704191306,0.4339932292,0.3458694152,0.2427973926,0.1101844316,0.07124749101
9.09,0.70177435,0.01696269235,0.4294884805,0.3409650429,0.2424034083,0.1100000115,0.071055001
9.1,0.70177435,0.01689704838,0.4230275734,0.3350016849,0.2416155371,0.1097130603,0.07077689091
9.11,0.70177435,0.01694684774,0.4150496796,0.3283393593,0.2405973006,0.1093849994,0.07049869708
9.12,0.70675664,0.01705096592,0.405978666,0.3212398249,0.2395003184,0.1089542422,0.07019901197
9.13,0.70675664,0.01717091459,0.3963153498,0.3138616049,0.2384862901,0.1084411662,0.06987781585
9.14,0.70818015,0.01728406082,0.386452971,0.306378931,0.2376513818,0.1079277971,0.06959935581
9.15,0.70818015,0.0173247905,0.3765530248,0.2989828372,0.236915702,0.1074346873,0.06934224405
9.16,0.70818015,0.0173315785,0.3666539493,0.2917412634,0.236106132,0.1070235559,0.0691707918
9.17,0.70675664,0.0174175559,0.3568091648,0.2846044032,0.2351713832,0.1067150783,0.06899930995
9.18,0.70675664,0.01757817808,0.347132228,0.2775711859,0.2342030586,0.1064682252,0.06882779847
9.19,0.70675664,0.0177432984,0.3377625466,0.2707591507,0.2332988365,0.1062830391,0.06867770434
9.2,0.70462137,0.01793778622,0.3288003142,0.2643229957,0.2324888067,0.1062418772,0.06867770434
9.21,0.70462137,0.01826335272,0.3202583281,0.2583083274,0.2317623023,0.1062007153,0.06867770434
9.22,0.69679206,0.01871083333,0.312117609,0.2526390833,0.2311186783,0.1062830391,0.06880635645
9.23,0.69679206,0.01921231245,0.3043544247,0.2472199707,0.2305772785,0.1062830391,0.06912792257
9.24,0.69679206,0.01976093426,0.2969315318,0.242035961,0.2301445219,0.1063447678,0.06944938012
9.25,0.69216564,0.02039496705,0.2897510719,0.2370493526,0.2298101296,0.1065093729,0.06983498116
9.26,0.69216564,0.02104211946,0.2827223694,0.2321497611,0.2295788425,0.106715083,0.07013477965
9.27,0.6597807567,0.02156044024,0.2758663178,0.2273205209,0.2294182828,0.1069207458,0.07052009964
9.28,0.6597807567,0.02197714533,0.2693101779,0.2227150066,0.2292131406,0.1071880331,0.07090525699
9.29,0.6597807567,0.0224904534,0.2631600463,0.2184665199,0.2289259233,0.107599084,0.07137578322
9.3,0.63736045,0.02330263899,0.2573937177,0.2145191029,0.2287203011,0.1081742432,0.07195291849
9.31,0.63736045,0.02426919022,0.2519265987,0.2107665435,0.2287504909,0.1089131986,0.07263647108
9.32,0.63736045,0.02516746811,0.246698333,0.2071788062,0.2289237955,0.1096720403,0.07340486671
9.33,0.616790712,0.02595278028,0.2416523009,0.2037021561,0.22905091,0.110368795,0.07419395736
9.34,0.616790712,0.02658057863,0.2366773204,0.2001586136,0.2290374182,0.1108602942,0.07483327049
9.35,0.5214628922,0.02693914283,0.231606093,0.1963637233,0.2287993182,0.1110036047,0.07523794282
9.36,0.5214628922,0.02675987879,0.2262839623,0.1922627805,0.2282089841,0.1108807712,0.07528053165
9.37,0.5214628922,0.02622188539,0.2206452501,0.1878888951,0.2272536965,0.1104302495,0.07491847757
9.38,0.4984791138,0.02541435314,0.2147601457,0.1832910957,0.22605794,0.1098155348,0.07423658052
9.39,0.4984791138,0.02467352748,0.2087798813,0.1785534633,0.2247073621,0.1090157675,0.07342619547
9.4,0.4984791138,0.02390965976,0.2028666844,0.1738133365,0.2232362179,0.1081126187,0.0725937595
9.41,0.4679117443,0.02310021935,0.1971384209,0.1691648747,0.2217200047,0.1072291098,0.07180331233
9.42,0.4679117443,0.02235088916,0.1916323907,0.1645879506,0.2202134012,0.1063241584,0.07109776178
9.43,0.4076158657,0.02164828971,0.1862620448,0.1600177058,0.2186608678,0.1055212781,0.07047727973
9.44,0.4076158657,0.02097899926,0.180909541,0.1554578784,0.2169802975,0.1048413618,0.06992064069
9.45,0.4076158657,0.02033857702,0.1755740787,0.1510072681,0.2151586013,0.1043259176,0.06936366139
9.46,0.348316444,0.01986927867,0.1703823732,0.1467707869,0.2132212624,0.1038720879,0.06891355174
9.47,0.348316444,0.01967291861,0.1654486015,0.1427711687,0.211173071,0.1035006007,0.06852757563
9.48,0.3221712833,0.0196526031,0.1608179043,0.1389702982,0.2089896853,0.1032735029,0.06818434529
9.49,0.3221712833,0.01964357366,0.1564993183,0.1353532827,0.2066338435,0.1031909133,0.06786244827
9.5,0.3221712833,0.01963680159,0.152435232,0.1319177652,0.2041179919,0.1031909133,0.06751897581
9.51,0.2948873167,0.01968871955,0.1484506964,0.1285670694,0.2015335221,0.1030050438,0.06726128618
9.52,0.2948873167,0.01973612082,0.1443464977,0.125116967,0.1989445317,0.1029843916,0.06700352732
9.53,0.2948873167,0.01967291824,0.1400486854,0.1214790539,0.1962667893,0.1029843916,0.0667671857
9.54,0.29856472,0.01951263705,0.1356312206,0.1177344435,0.1933391801,0.1029843916,0.06655227617
9.55,0.29856472,0.01935007308,0.1312179189,0.1139951164,0.1900630238,0.1031909133,0.06633731714
9.56,0.318138,0.01926652298,0.1269003275,0.1102979208,0.1864287545,0.1031909133,0.0661653113
9.57,0.318138,0.01926652303,0.1227045045,0.1066566862,0.1825041904,0.1031909133,0.06597176946
9.58,0.318138,0.01930491207,0.118595053,0.1031046495,0.1784321334,0.1031909133,0.06584272176
9.59,0.32098503,0.01931394462,0.1145491345,0.09965977388,0.1743474291,0.1031909133,0.06567063174
9.6,0.32098503,0.01929587951,0.1106155437,0.09632964866,0.1702389418,0.1033354452,0.06588574426
9.61,0.32027327,0.01932975056,0.10688807,0.09315804428,0.1660133943,0.1036863657,0.066143805
9.62,0.32027327,0.01960970376,0.1034412769,0.09022569367,0.1616939998,0.1041196572,0.06663822217
9.63,0.32027327,0.02031599637,0.1003663746,0.08765411432,0.1574916467,0.1047795004,0.06743303971
9.64,0.31457922,0.02155809548,0.09784013107,0.08566287152,0.1536918776,0.1058301158,0.06872047482
9.65,0.31457922,0.02335420692,0.0961178002,0.08456353664,0.1505459555,0.1074345217,0.07054126074
9.66,0.31457922,0.02595247044,0.09540329593,0.08457196741,0.1482047939,0.1096717571,0.07310579229
9.67,0.31386747,0.02917662144,0.09569067078,0.08561131177,0.1466418556,0.1125983402,0.07632270857
9.68,0.31386747,0.03285790984,0.09665191579,0.08725982503,0.1456100738,0.1160650736,0.0800582534
9.69,0.31457922,0.03663636243,0.09772127122,0.088895181,0.1447320035,0.1195589823,0.08380000671
9.7,0.31457922,0.0397371343,0.09831882814,0.08991384636,0.1436037694,0.1226554791,0.08700128096
9.71,0.31457922,0.04181350753,0.09801832087,0.0899094432,0.1418399009,0.1248146038,0.08924814983
9.72,0.31529098,0.0425414056,0.09653964704,0.08868656205,0.1390986975,0.1258016079,0.09035904175
9.73,0.31529098,0.04185764889,0.09373384109,0.08618515133,0.1351553558,0.1254995824,0.09023334706
9.74,0.329526095,0.04000247085,0.08966705756,0.08248202618,0.1299971568,0.1239072327,0.08889154177
9.75,0.329526095,0.03734616018,0.08472547005,0.07791365316,0.123901453,0.1214020601,0.08679114239
9.76,0.329526095,0.03459370715,0.07952233267,0.07306308483,0.1173952131,0.118443382,0.08434866346
9.77,0.355505175,0.03219003713,0.07465318113,0.06851412019,0.1110294743,0.1155155936,0.08198432882
9.78,0.355505175,0.03022707399,0.07047409075,0.0646075522,0.1051424551,0.1128641309,0.07999524895
9.79,0.355505175,0.02864038524,0.06703167143,0.06138287333,0.09981895404,0.1105324363,0.07842636034
9.8,0.36226686,0.02725269886,0.06412972965,0.05867123575,0.09501880487,0.1084409865,0.07713105843
9.81,0.36226686,0.02602002945,0.06150636481,0.05623620724,0.09066171754,0.1063857308,0.07611052855
9.82,0.39696495,0.02489804783,0.05903121687,0.05393843321,0.08666202199,0.1043257371,0.07515273084
9.83,0.39696495,0.02388718134,0.05676047258,0.05179993108,0.0829765004,0.1023850648,0.07427920859
9.84,0.39696495,0.02316771155,0.0547694071,0.04987451635,0.0796158798,0.1003986573,0.07344753897
9.85,0.4151147225,0.02273127047,0.05298063168,0.0480894033,0.07654958013,0.09832486201,0.07263647108
9.86,0.4151147225,0.02240943291,0.05119018612,0.04630860531,0.07365626176,0.09635038255,0.07193154548
9.87,0.4491010567,0.02196588086,0.04925690445,0.04450886499,0.07081612226,0.09437147135,0.07120469575
9.88,0.4491010567,0.02135538993,0.04720650227,0.04279832091,0.06801857461,0.09243012223,0.07049867736
9.89,0.4491010567,0.02069717587,0.04516071523,0.04125758415,0.06531786377,0.09063115845,0.0697278599
9.9,0.48041831,0.02018518238,0.04323613235,0.03984789898,0.06275393522,0.08882862203,0.06893497895
9.91,0.48041831,0.01990087692,0.04152663601,0.03849724235,0.06038313695,0.08704354684,0.06814141185
9.92,0.48041831,0.0197767483,0.04012223911,0.03722029164,0.05831842948,0.08527600819,0.06751896097
9.93,0.51582816,0.0197112919,0.03905945962,0.0361249957,0.05666414441,0.08363170384,0.06696054937
9.94,0.51582816,0.01967517617,0.0382756568,0.03531659347,0.05540460433,0.08206897852,0.06653077482
9.95,0.54767923,0.01967517617,0.03764743835,0.03478446406,0.05438746867,0.08060943745,0.0661222987
9.96,0.54767923,0.01966388959,0.03706558905,0.03436498861,0.05336834176,0.07910511465,0.06560606826
9.97,0.54767923,0.01952618173,0.03642547447,0.03381963182,0.0520940638,0.07732214998,0.06480963659
9.98,0.580491168,0.01914004238,0.03559041426,0.03298654041,0.05042500647,0.07517383892,0.0636245148
9.99,0.580491168,0.01846449954,0.0344654232,0.0318712252,0.04845094394,0.07270026068,0.06215718536
10,0.580491168,0.01762565039,0.03312877328,0.03060978537,0.0464497762,0.0701344937,0.06057946105
10.01,0.598712114,0.01680647445,0.0318188378,0.02934895029,0.04467740109,0.06758312385,0.05899908204
10.02,0.598712114,0.01616106568,0.03074128019,0.02819165927,0.04320161093,0.06519694813,0.05752455537
10.03,0.6480367875,0.01572149151,0.02992813367,0.02721377026,0.04195606421,0.0630852653,0.05622160259
10.04,0.6480367875,0.01542001893,0.02929848812,0.02647029543,0.04087807373,0.0612065203,0.05498210948
10.05,0.6480367875,0.01519101848,0.02879277653,0.02595862915,0.03997705599,0.05949727539,0.05387171551
10.06,0.654976405,0.01500052146,0.02840537844,0.02561071024,0.03928182485,0.05782829961,0.05280363834
10.07,0.654976405,0.01482359806,0.02814695281,0.02534929564,0.0387642732,0.05624329286,0.05184351899
10.08,0.67970992,0.01463302927,0.02803483537,0.0251715391,0.03831729895,0.0546773845,0.05101354381
10.09,0.67970992,0.01441746091,0.0281084625,0.02514213447,0.03783821225,0.05323970282,0.05018283405
10.1,0.67970992,0.01427675038,0.0283924011,0.02530598078,0.03734891653,0.0519963131,0.04939517106
10.11,0.706756635,0.01432214247,0.02882900274,0.02562215068,0.03699708647,0.05092611578,0.04867259144
10.12,0.706756635,0.01461033514,0.02929759906,0.02600931583,0.03690617118,0.04996410539,0.04803713704
10.13,0.706756635,0.01507535451,0.02971078803,0.02641829734,0.03703921667,0.04908868691,0.04746705278
10.14,0.70746839,0.01559229426,0.03007667719,0.02683741485,0.03726956561,0.04834395406,0.04700635265
10.15,0.70746839,0.01605685772,0.03046385764,0.02725904026,0.03754484741,0.04764249866,0.04658933842
10.16,0.708536025,0.01641249772,0.03092161986,0.02767197558,0.03791597437,0.04702829412,0.04621606559
10.17,0.708536025,0.01667970912,0.03145031116,0.02808137817,0.03839922414,0.04654542516,0.04582066925
10.18,0.708536025,0.01691515482,0.03203220767,0.02849910869,0.03888068845,0.04601838512,0.04538115224
10.19,0.70711251,0.0171550717,0.03267077549,0.02891710755,0.0392099408,0.04551302859,0.04487545662
10.2,0.70711251,0.01737230443,0.03337814435,0.02932241027,0.03934930764,0.04505137782,0.04428146363
10.21,0.705689,0.01747411685,0.03412280903,0.02972709632,0.03940460558,0.04452350787,0.04357699861
10.22,0.705689,0.01735420288,0.03480779161,0.0301450128,0.03952492145,0.04392930209,0.04284998375
10.23,0.705689,0.01703511641,0.03533281916,0.0305386436,0.03978761759,0.04326864369,0.04210035777
10.24,0.70426549,0.01660271803,0.03568504591,0.03082634351,0.04014683183,0.04260752877,0.04137221588
10.25,0.70426549,0.0161859898,0.03596122642,0.03097919787,0.04049243794,0.04203419399,0.04064352508
10.26,0.70426549,0.01586200031,0.03629302346,0.03109410012,0.04075377009,0.04150466029,0.03989217104
10.27,0.69785969,0.01572376346,0.03675956379,0.0313354587,0.04097859366,0.0411294003,0.03922873312
10.28,0.69785969,0.01583707327,0.03737528211,0.03181843913,0.04128967869,0.0408423366,0.03869765272
10.29,0.693589155,0.01619731429,0.03813236186,0.03254290723,0.04177056743,0.04068772238,0.03838772162
10.3,0.693589155,0.01671592461,0.03903422918,0.0334259829,0.04241593638,0.04073189932,0.03816627671
10.31,0.693589155,0.01729762291,0.04009440047,0.0343680713,0.04317676543,0.04093067015,0.03827699916
10.32,0.69180977,0.01792646398,0.04129756404,0.03531413053,0.04402526358,0.04132808469,0.03849841858
10.33,0.69180977,0.01860687986,0.0425735266,0.03625837448,0.04493612801,0.04181358882,0.0387640556
10.34,0.69465679,0.01929586183,0.04379144334,0.037201252,0.04585777414,0.04229885926,0.03905175047
10.35,0.69465679,0.01985798979,0.0448109933,0.03809847364,0.04671641919,0.04269571498,0.0392066192
10.36,0.69465679,0.02018969944,0.04555236301,0.03885611231,0.04745586177,0.0429601924,0.03909599868
10.37,0.70035083,0.02029347613,0.04602827546,0.0393917698,0.04803911352,0.04302630541,0.03894110448
10.38,0.70035083,0.02021677294,0.04629403136,0.0396722016,0.04841759919,0.04302630541,0.03860910534
10.39,0.70035083,0.01996631664,0.04639789729,0.03971996401,0.04853854299,0.04287204172,0.03812196733
10.4,0.70177435,0.01948327314,0.04637945271,0.03959392018,0.04839108622,0.04240910852,0.03750162067
10.41,0.70177435,0.01880345525,0.04631445507,0.03939155398,0.04805073459,0.04181357866,0.03679215512
10.42,0.70319786,0.01808474277,0.04630962397,0.03923118034,0.04765785785,0.04110730674,0.03612656486
10.43,0.70319786,0.0175148297,0.04642863597,0.03918604984,0.04734050294,0.04048889051,0.03543830889
10.44,0.70319786,0.01716638639,0.04663786039,0.03923560513,0.04714525631,0.040024824,0.03481623555
10.45,0.70319786,0.01698985411,0.04684923517,0.03929798844,0.04702633289,0.03967109296,0.03421599952
10.46,0.70319786,0.01689704817,0.04700022023,0.03932431215,0.04689927385,0.0394720626,0.03377114225
10.47,0.70319786,0.01683819094,0.04709172117,0.03932409095,0.046729177,0.03927299151,0.03339285093
10.48,0.72241526,0.01682687187,0.04715425254,0.03932608178,0.04655817273,0.03927299151,0.0331479937
10.49,0.72241526,0.01686309242,0.04721239196,0.03933249665,0.04647013475,0.03927299151,0.03305894539
10.5,0.692521525,0.0169581653,0.04728873553,0.03934289307,0.04652326567,0.03927299151,0.03305894539
10.51,0.692521525,0.01709170446,0.04740696805,0.03938691055,0.04671820063,0.03927299151,0.03305894539
10.52,0.692521525,0.01725238056,0.04756707436,0.03948887296,0.04701272406,0.03927299151,0.03305894539
10.53,0.70960366,0.01742886756,0.04772364631,0.03962045765,0.04734028191,0.03949418161,0.03305894539
10.54,0.70960366,0.01761889504,0.0478085006,0.03972504942,0.04762979226,0.03956052337,0.03305894539
10.55,0.68540396,0.0178179322,0.04781420115,0.03981658498,0.04782954746,0.03973742962,0.03305894539
10.56,0.68540396,0.01799884058,0.04781595509,0.039994986,0.04794245283,0.03993640905,0.03321477993
10.57,0.68540396,0.01812771803,0.04790343038,0.04034240759,0.04800492848,0.04015744642,0.03328156617
10.58,0.68255694,0.01818649853,0.04807002895,0.04080235423,0.04804043911,0.0403342356,0.03341510788
10.59,0.68255694,0.01820684478,0.04818904283,0.04119210451,0.04801325804,0.04037843289,0.03334833702
10.6,0.68255694,0.01822266923,0.04811737253,0.04134376762,0.04785782835,0.04031213695,0.03328156617
10.61,0.6832687,0.01824753581,0.0478201143,0.0412234551,0.04754930557,0.04015744642,0.03308120747
10.62,0.6832687,0.01822266907,0.04737844399,0.04090196099,0.04713274266,0.03993640396,0.03281399589
10.63,0.69394503,0.01811189113,0.04688763257,0.04045641843,0.04669558688,0.03962686512,0.03250216273
10.64,0.69394503,0.01792421917,0.04637878231,0.03992401569,0.04630610522,0.03920661411,0.03216793925
10.65,0.69394503,0.01768222826,0.04583450733,0.03934442691,0.04598346548,0.03874191621,0.03183360801
10.66,0.6960803,0.017428866,0.04525936616,0.03879016633,0.04569103933,0.03823270508,0.03147685559
10.67,0.6960803,0.01716412299,0.04469487887,0.03832327881,0.04536840825,0.03778969288,0.0310976614
10.68,0.69679206,0.016878935,0.04416505259,0.03792926797,0.0449832178,0.0373908115,0.03062903896
10.69,0.69679206,0.01657554945,0.04364528021,0.03753132534,0.04455761448,0.03696958661,0.03009318849
10.7,0.69679206,0.01625847976,0.04308997025,0.03707867581,0.04413710504,0.03654817279,0.02949001732
10.71,0.69679206,0.01592997735,0.04247944018,0.03659986178,0.04372015246,0.03610438465,0.02895354958
10.72,0.69679206,0.01556736467,0.04182152834,0.03615543367,0.04324265383,0.03554935816,0.02848389835
10.73,0.69679206,0.01517060466,0.04112783915,0.03575032064,0.04264808948,0.03494957243,0.0280587759
10.74,0.69536854,0.01478502984,0.0404086816,0.03532371091,0.0419702199,0.03441612256,0.02770062943
10.75,0.69536854,0.01450596289,0.03970336094,0.03482624183,0.04131991228,0.03399359905,0.02734235924
10.76,0.6896745,0.01438569069,0.03908713968,0.03428226829,0.04079197379,0.03363764665,0.0269615489
10.77,0.6896745,0.01445150219,0.03863611653,0.03377470187,0.04039212705,0.03337059397,0.02671506149
10.78,0.6896745,0.01459899598,0.03836978498,0.03337170798,0.04006881265,0.03305894026,0.02651334494
10.79,0.68469221,0.01472831928,0.03823891592,0.03309233978,0.03978430276,0.03279172869,0.0263564302
10.8,0.68469221,0.01479410894,0.0381567531,0.03293091472,0.03953774783,0.03259127257,0.0263564302
10.81,0.678286405,0.01483040458,0.03802895396,0.03285809739,0.03931944366,0.03239077542,0.0263564302
10.82,0.678286405,0.01490299157,0.03779413078,0.03281088529,0.03908670717,0.03225707988,0.0263564302
10.83,0.678286405,0.01502547016,0.03745109821,0.03268282067,0.0387996905,0.03216794951,0.0263564302
10.84,0.66974534,0.01515700473,0.03706094141,0.03238675844,0.03846255324,0.03194507229,0.02619947933
10.85,0.66974534,0.01527038275,0.03671099818,0.03193413964,0.03812330608,0.03194507229,0.02613221467
10.86,0.66974534,0.01538147995,0.03645966216,0.03147105762,0.0378353403,0.03194507229,0.02613221467
10.87,0.66191602,0.01554243466,0.03631810431,0.03119158949,0.03762950312,0.03203422318,0.02613221467
10.88,0.66191602,0.01578948296,0.03628814815,0.03122058813,0.03752202499,0.03223479728,0.02633400865
10.89,0.66049251,0.0161384167,0.03638289494,0.03154620878,0.03752690053,0.03250216273,0.0266478278
10.9,0.66049251,0.01660724279,0.03660053377,0.0320273092,0.03765476408,0.03283626309,0.02693914283
10.91,0.66049251,0.01722746923,0.03687977811,0.03249726039,0.03790468046,0.03321477481,0.02738714559
10.92,0.66049251,0.01799429015,0.03712989979,0.03286789151,0.03827544729,0.03365989336,0.02792447871
10.93,0.66049251,0.01886218367,0.03731744794,0.03317693648,0.03877444987,0.03417152148,0.02864045734
10.94,0.65835725,0.01976542897,0.03753975083,0.03356065092,0.03940347935,0.03488289887,0.02951233584
10.95,0.65835725,0.02067235101,0.03796071632,0.03415016491,0.04014659001,0.03574917424,0.0306066793
10.96,0.65835725,0.02164826222,0.03867859016,0.03499310165,0.04096929034,0.03683648491,0.03176666272
10.97,0.65551022,0.02277621298,0.03965910717,0.03604796486,0.04184048796,0.03798901369,0.03301434433
10.98,0.65551022,0.0240669207,0.04076696977,0.03722184442,0.04273690534,0.03922867708,0.03423817966
10.99,0.65551022,0.02543673335,0.04188216749,0.03842220257,0.04362940415,0.04046674608,0.03534944493
11,0.65408671,0.02669259865,0.04293260856,0.03954876007,0.04446585187,0.04154877116,0.03628190808
11.01,0.65408671,0.02770060366,0.04384717372,0.0404765076,0.04516812773,0.0423650078,0.03694740129
11.02,0.65479847,0.02837203297,0.04450503131,0.04107618806,0.04563939883,0.04278388596,0.0373908115
11.03,0.65479847,0.02859574827,0.04475714027,0.04125436403,0.04577739584,0.04273980047,0.03750163598
11.04,0.65479847,0.02850626833,0.04447158507,0.04096908961,0.04548555444,0.04225473822,0.03727997682
11.05,0.65693373,0.02790208296,0.04361484795,0.04022923297,0.04472014479,0.04130597081,0.03672561449
11.06,0.65693373,0.02687185755,0.04225245077,0.03906472422,0.04352717066,0.04011317278,0.03590458391
11.07,0.65693373,0.02543671268,0.04050996552,0.03752589113,0.04201865744,0.03874184486,0.03479395815
11.08,0.66191602,0.02384215723,0.03856688571,0.03572530932,0.04034516186,0.03727989515,0.03350404345
11.09,0.66191602,0.02226526636,0.03660193033,0.03382572685,0.03862315569,0.03579352442,0.03201184307
11.1,0.666542435,0.02080308583,0.0347421076,0.03197056757,0.03691580706,0.03426037516,0.03042803849
11.11,0.66654244,0.01947644772,0.03303500791,0.03024003137,0.0352667434,0.03265799212,0.02877456396
11.12,0.666542435,0.01826782496,0.0314676237,0.02865537127,0.03371499013,0.03107525554,0.02725268339
11.13,0.66654244,0.01715502688,0.03003595761,0.02724105589,0.0323064784,0.02966870441,0.0258630166
11.14,0.666542435,0.01617463531,0.02879205998,0.02605300644,0.03107485894,0.02850622713,0.02480824796
11.15,0.661916025,0.01535878598,0.0278094101,0.02512976238,0.03003242384,0.02758866613,0.02393214335
11.16,0.661916025,0.01471469349,0.02711948405,0.02444152353,0.0291748662,0.02687190914,0.02323518304
11.17,0.661916025,0.01418821736,0.02666598097,0.02387888905,0.02847337325,0.02622188539,0.02263899615
11.18,0.66120427,0.01369552312,0.02632548721,0.02331974842,0.02786337238,0.02559386501,0.02203343484
11.19,0.66120427,0.01319576441,0.02600034707,0.02270943143,0.02727515928,0.02494298912,0.02140045953
11.2,0.66120427,0.01267074588,0.02565580434,0.02206518432,0.02667202269,0.02429168415,0.02079187993
11.21,0.6436476267,0.01214772402,0.02530373393,0.02143448506,0.02608847374,0.02372986349,0.02028670047
11.22,0.6436476267,0.01165628742,0.02494637212,0.02084847235,0.02559163508,0.02332515365,0.01992344256
11.23,0.64008885,0.01124657137,0.02455900634,0.02032527326,0.02522428293,0.02303275822,0.01971354822
11.24,0.6400888467,0.01093917362,0.02412272698,0.01989319956,0.02495131455,0.02285277556,0.01959391036
11.25,0.6400888467,0.01075696688,0.02366827026,0.01960271295,0.02470117428,0.02267726712,0.01949909201
11.26,0.639851595,0.01066357263,0.0232741044,0.01948915849,0.02440536805,0.02245895649,0.01938394278
11.27,0.639851595,0.0106043421,0.02299901664,0.01952234602,0.02404857434,0.02220457396,0.01923716462
11.28,0.63131053,0.01052004604,0.02283433115,0.01961219573,0.0236403942,0.02192535341,0.01906551916
11.29,0.63131053,0.01043118609,0.02269842105,0.01964176778,0.02320820353,0.02167083395,0.01887125264
11.3,0.63131053,0.01040156454,0.02251004978,0.01953611633,0.02278459858,0.0214455394,0.01865887028
11.31,0.60853434,0.01047219899,0.02223811929,0.01928006804,0.02242091388,0.02123822296,0.01839897887
11.32,0.60853434,0.0106088977,0.02191904618,0.01891349246,0.02216539939,0.0210173368,0.01808927888
11.33,0.60853434,0.01069318679,0.02160865639,0.01848960489,0.02203457702,0.02079189176,0.01774555623
11.34,0.6092461,0.01061801017,0.02133647766,0.01805739612,0.02199246678,0.02057090562,0.01740397682
11.35,0.6092461,0.01039244693,0.02110073842,0.01766164228,0.02198188258,0.02040175066,0.01710301842
11.36,0.61494015,0.01015088162,0.02089898536,0.01735307108,0.02195778615,0.02029573177,0.01688572863
11.37,0.61494015,0.01004603365,0.02074206286,0.01717611986,0.02189247491,0.02021226155,0.01673631359
11.38,0.61494015,0.01012353112,0.02064713066,0.01714737925,0.02175800978,0.02009719619,0.01664121923
11.39,0.62134595,0.01029446188,0.02060992189,0.01724287678,0.02151853896,0.01993698453,0.01658461106
11.4,0.62134595,0.01040156448,0.02059706757,0.01740194406,0.02117714195,0.01975191943,0.01655290907
11.41,0.62490473,0.01033548091,0.02056752446,0.01756437956,0.02079775058,0.01960294,0.01653252865
11.42,0.62490473,0.0101098533,0.02050121836,0.01769127799,0.02049264578,0.01952618422,0.01652120593
11.43,0.62490473,0.009820338852,0.02041302901,0.01776817822,0.02033408049,0.01949457703,0.01648950174
11.44,0.62561648,0.009596878257,0.0203264109,0.01778491454,0.02029889023,0.01949457703,0.01643514936
11.45,0.62561648,0.009505655818,0.02025399769,0.01773244288,0.02028986678,0.01946974192,0.01636267489
11.46,0.62561648,0.009562671024,0.02017954845,0.01760102533,0.02023053542,0.01939974882,0.01628793009
11.47,0.62561648,0.009731417393,0.02007169951,0.01740533705,0.02014390118,0.01930039517,0.01620411851
11.48,0.62561648,0.009943451426,0.0199053902,0.01717996531,0.02012697963,0.0191739309,0.01611576882
11.49,0.62419297,0.01012808966,0.01968126829,0.01696721838,0.02026888479,0.01905422665,0.01602287992
11.5,0.62419297,0.01023976802,0.01943067948,0.01680491166,0.02056458762,0.0189570976,0.0159481094
11.51,0.62419297,0.01026027911,0.01919786887,0.01671254117,0.02092400582,0.01890965905,0.01592091881
11.52,0.6220577,0.01021697779,0.01901740864,0.0166896736,0.02122808057,0.01891643612,0.01591865286
11.53,0.6220577,0.0101440451,0.01890559252,0.0167220504,0.02139304011,0.0189819455,0.01590958905
11.54,0.62063419,0.01008250416,0.01885815151,0.01677480207,0.02140385618,0.0190881068,0.01587333309
11.55,0.62063419,0.01005743091,0.0188732877,0.01680649709,0.02128397219,0.01921458193,0.01582801139
11.56,0.62063419,0.01006426911,0.01895596778,0.01678770658,0.02108157908,0.01933652498,0.01582347907
11.57,0.61778717,0.01010985613,0.01911227286,0.01672838971,0.02084510123,0.01942458569,0.01590958837
11.58,0.61778717,0.0101805121,0.01933245852,0.01667156013,0.02062254879,0.01948328842,0.01607951927
11.59,0.61778717,0.01024204715,0.0195776543,0.01666499396,0.02045114718,0.01952618422,0.01627886858
11.6,0.60212854,0.01026255809,0.01979615748,0.01672816314,0.02036363077,0.01957133557,0.01643514894
11.61,0.60212854,0.01023748914,0.01994804299,0.01683547387,0.02037490909,0.01964583066,0.01652573486
11.62,0.589672815,0.01018279129,0.02002183321,0.01694073607,0.02049309809,0.01974514896,0.01658234662
11.63,0.589672815,0.01013492833,0.02004169013,0.01701158374,0.02069448331,0.01985348474,0.01665027626
11.64,0.589672815,0.01010757699,0.02004845941,0.01705096642,0.02093392795,0.01995052541,0.0167476337
11.65,0.58896106,0.0101030184,0.02008185374,0.01709555276,0.02115280491,0.02006560734,0.01686535566
11.66,0.58896106,0.0101030184,0.0201750358,0.01719060289,0.02131101529,0.02023707623,0.0169966444
11.67,0.58896106,0.0101030184,0.02034242529,0.01736438486,0.02140926401,0.02050549982,0.01713696802
11.68,0.57555633,0.01010757699,0.02057924875,0.01761572642,0.02148249316,0.02086628987,0.01731800062
11.69,0.57555633,0.01014860364,0.02085502032,0.017911554,0.02157644342,0.02127202228,0.0175532928
11.7,0.5480351067,0.01021925671,0.02113747674,0.01820797168,0.02172332093,0.0216775875,0.01785411362
11.71,0.5480351067,0.01028762609,0.02140903587,0.01847582404,0.02194179386,0.02204920888,0.01820231809
11.72,0.5480351067,0.01033092426,0.02168885366,0.01872349356,0.02224937465,0.02240042901,0.01857299774
11.73,0.53973129,0.01038105633,0.02202533854,0.01899956086,0.0226599318,0.02275827026,0.01894353847
11.74,0.53973129,0.01052687958,0.02245827336,0.01936293695,0.02316366511,0.02314522278,0.01931845482
11.75,0.53973129,0.01086628762,0.02299473011,0.01985369783,0.02371592371,0.02361745588,0.0197225698
11.76,0.53973129,0.01145371304,0.02359946817,0.02046736876,0.02425529084,0.02420180671,0.02018969009
11.77,0.53973129,0.01224095964,0.02422495437,0.02116518039,0.02475191918,0.02489807885,0.02077158343
11.78,0.5409175467,0.01308213014,0.02484465135,0.02190461343,0.02523774323,0.02570602959,0.02146804961
11.79,0.5409175467,0.01383176829,0.02547046072,0.022652491,0.02578927367,0.02660296405,0.02225182925
11.8,0.5409175467,0.01438795194,0.02613466103,0.02338608099,0.02646356359,0.02752147887,0.02304847552
11.81,0.5468488467,0.01474192856,0.02685823769,0.02407732616,0.02726013792,0.0283943875,0.02379728838
11.82,0.5468488467,0.01495742777,0.02762605921,0.02469577358,0.02811402726,0.02922180918,0.02449385536
11.83,0.56084671,0.01510938205,0.02838835697,0.0252256236,0.0289580038,0.02998151356,0.0251001363
11.84,0.56084671,0.01524544048,0.02909148869,0.02568922885,0.02976237583,0.03069598942,0.0256836132
11.85,0.56084671,0.01535427391,0.02970988633,0.02614117515,0.03053840053,0.03132072859,0.02624431211
11.86,0.563337855,0.01542455579,0.03026380559,0.02663280545,0.03129707606,0.03190047631,0.02673746756
11.87,0.563337855,0.01544495933,0.03080691716,0.02717548561,0.03200768701,0.03241304262,0.02714077167
11.88,0.56618488,0.01544495933,0.03139009206,0.02772995526,0.0326039603,0.03276945635,0.02743194226
11.89,0.56618488,0.01544722632,0.03201994702,0.02823555702,0.03302999629,0.03308120747,0.02767824914
11.9,0.56618488,0.01549029856,0.03265496448,0.02865233034,0.03327132557,0.03328156617,0.02770063974
11.91,0.57935236,0.01554923664,0.03322056213,0.02898955445,0.03338039319,0.03345962178,0.02785733784
11.92,0.57935236,0.01557417103,0.03365611549,0.02929022784,0.03342646468,0.03350413569,0.02785733784
11.93,0.57935236,0.01549936539,0.03395868338,0.02959795756,0.03347542692,0.03350413569,0.02770063974
11.94,0.58077587,0.01528398426,0.03416708759,0.02992323628,0.03356778052,0.03345962178,0.02767824914
11.95,0.58077587,0.01493474026,0.03434276084,0.03023701908,0.03372309249,0.03328156617,0.02747673376
11.96,0.58148763,0.0144900713,0.03452195882,0.03048551781,0.03396112936,0.03308120747,0.02727517198
11.97,0.58148763,0.01399979643,0.03470334644,0.03062547997,0.03429005754,0.03285854055,0.02698395497
11.98,0.58148763,0.01350473649,0.03487336654,0.03064780062,0.0347004499,0.03261355003,0.02671506149
11.99,0.58433465,0.01304351854,0.03503358,0.03059378416,0.03515954637,0.03261355003,0.02642367937
12,0.58433465,0.01264119748,0.03522375641,0.03054847086,0.03561642798,0.03261355003,0.02613221467
12.01,0.58433465,0.0123296845,0.03550828283,0.03061677412,0.03601893673,0.03279172869,0.02590794751
12.02,0.58433465,0.01214545971,0.03593569088,0.03086650831,0.03634206575,0.03299214378,0.02590794751
12.03,0.58433465,0.01209541734,0.03652220902,0.03130177308,0.03658034822,0.03321477993,0.02590794751
12.04,0.58362289,0.01213408688,0.03722276993,0.0318298125,0.03675558312,0.03343736483,0.02606493452
12.05,0.58362289,0.01218867705,0.03796535883,0.03231590392,0.03690106992,0.03368215031,0.02615463622
12.06,0.58362289,0.01217730416,0.03866842173,0.03264651391,0.03706272009,0.03401584576,0.0263564302
12.07,0.576861215,0.01205219518,0.03927585441,0.03279796835,0.03728596902,0.03434942341,0.02646851216
12.08,0.576861215,0.01181558268,0.03976904146,0.03284161803,0.03762151983,0.03474957223,0.0266478278
12.09,0.56689663,0.01154249915,0.04018152993,0.03290886946,0.03809716234,0.03517176815,0.02689433069
12.1,0.56689663,0.01130576749,0.04057572362,0.03311504702,0.03872464216,0.03554936328,0.02718557349
12.11,0.56689663,0.01116688938,0.04102009981,0.03349322187,0.0394749128,0.03588241904,0.02754390556
12.12,0.574370065,0.011157782,0.04156005214,0.0340084977,0.04029509697,0.03623754766,0.0278349524
12.13,0.574370065,0.0112830017,0.04219828809,0.03458130081,0.0411227544,0.03652599258,0.02808115619
12.14,0.56369373,0.01152656626,0.0428969285,0.03514710161,0.0419110942,0.03681435066,0.02830492301
12.15,0.56369373,0.01188838744,0.04359902712,0.03567482448,0.04264874677,0.03712479703,0.02841678839
12.16,0.56369373,0.01233877448,0.04424911854,0.03616430894,0.04336776622,0.0373908115,0.02859574827
12.17,0.56227022,0.01282532739,0.04479276229,0.03661317326,0.04411947832,0.03770106901,0.02868520761
12.18,0.56227022,0.01326166155,0.04519056479,0.03701393492,0.04493503468,0.03803337917,0.02881939662
12.19,0.56227022,0.01355244493,0.04542314431,0.03735734405,0.04579933466,0.03836557203,0.02895355473
12.2,0.56084671,0.01362058552,0.04549633562,0.03765564839,0.04665056571,0.03869765272,0.02906534801
12.21,0.56084671,0.01347067095,0.04547853303,0.03795385876,0.04740936114,0.03902961618,0.02926653885
12.22,0.55799969,0.01317532059,0.04547589553,0.03831663608,0.04801960296,0.03933934854,0.02946768336
12.23,0.55799969,0.01285715645,0.04561588717,0.03879614073,0.04848003944,0.03962686512,0.02975815341
12.24,0.55799969,0.01263665513,0.04598609431,0.03940414419,0.04884126169,0.0398921914,0.030048536
12.25,0.551593885,0.01258663784,0.04661698411,0.04011454562,0.04916534492,0.04020164371,0.0303165075
12.26,0.551593885,0.01266621008,0.04744531806,0.04086395825,0.04950091651,0.04048890069,0.03058440702
12.27,0.551593885,0.01281851717,0.0483728642,0.04159116297,0.04986524852,0.04079815965,0.03082991605
12.28,0.541629305,0.01296625589,0.04928463012,0.04224306098,0.05025415302,0.0411294003,0.03103073662
12.29,0.541629305,0.01306852371,0.05009535617,0.04279842412,0.05066060469,0.04141638265,0.03118689958
12.3,0.52739419,0.013157147,0.05074803148,0.04324992876,0.05108895021,0.04176947287,0.03136534511
12.31,0.52739419,0.01328438654,0.05122506465,0.04360895293,0.05154920569,0.04203420415,0.03158835581
12.32,0.52739419,0.01346385705,0.0515330526,0.04389057091,0.05204612696,0.04225475854,0.03183360801
12.33,0.511735565,0.0137023435,0.0516878821,0.04410739743,0.05257398483,0.04247526214,0.03207879862
12.34,0.511735565,0.0139362329,0.05173286295,0.04427620169,0.05311659342,0.04269571498,0.03234621024
12.35,0.4856378533,0.01413147713,0.05171888864,0.04441439184,0.05365867403,0.04291611706,0.03263582236
12.36,0.4856378533,0.01428809816,0.0517075344,0.04455058155,0.05418912017,0.04315850099,0.03288080776
12.37,0.4856378533,0.01444923222,0.0517584087,0.04472106578,0.05469924465,0.04340082405,0.03310346955
12.38,0.4751987667,0.01466479249,0.05192127501,0.04496496965,0.0551734164,0.04368712608,0.03330382312
12.39,0.4751987667,0.01495062009,0.05222640991,0.04530312084,0.05559298779,0.04399535423,0.03350413569
12.4,0.4751987667,0.01531118977,0.05266538814,0.04572355495,0.05594890117,0.04434749044,0.03365989848
12.41,0.4514735767,0.01569882636,0.0532031454,0.04618399803,0.0562451391,0.0447434942,0.03372665396
12.42,0.4514735767,0.01607951531,0.05377633305,0.04662402544,0.05651260699,0.04513933589,0.03386013419
12.43,0.41944457,0.01642608618,0.05431803842,0.04699977711,0.05679693815,0.04546907487,0.03394912101
12.44,0.41944457,0.0167249904,0.05478152095,0.04729838508,0.05714284095,0.0457327871,0.03410481209
12.45,0.41944457,0.01695137375,0.05515297022,0.0475451424,0.05757455235,0.04590855646,0.03430495561
12.46,0.40853098,0.01708717871,0.05544532615,0.04777846049,0.05808262988,0.04610625716,0.03459397842
12.47,0.40853098,0.01711886381,0.05567736235,0.04802553075,0.05863140405,0.04630391234,0.03494958266
12.48,0.3724686867,0.01707812585,0.05586716755,0.04828415182,0.059162314,0.0465673919,0.03532726474
12.49,0.3724686867,0.01705322979,0.05602541792,0.04853284455,0.05961562782,0.04685274216,0.03563819144
12.5,0.3724686867,0.01715054621,0.0561673422,0.04874029486,0.05994167167,0.0471160701,0.03601560761
12.51,0.3247217425,0.01744922391,0.05632032658,0.04889404615,0.06012347983,0.04737932731,0.03628192852
12.52,0.3247217425,0.01793777523,0.05651347698,0.04900857666,0.0601788809,0.04764251381,0.03652599258
12.53,0.3247217425,0.01853908955,0.05676349257,0.04911542976,0.06015572555,0.04781792434,0.03676999534
12.54,0.32027327,0.01912423213,0.05705447928,0.04925817328,0.06012283115,0.04794946205,0.03701393682
12.55,0.32027327,0.0196051904,0.05734841607,0.04947005917,0.06014425577,0.04808098967,0.03730214682
12.56,0.33023785,0.01997760073,0.05761144918,0.04977007695,0.060265869,0.04832206306,0.03761243495
12.57,0.33023785,0.02030023891,0.05783861391,0.05015551929,0.0604999628,0.04858498204,0.03798907489
12.58,0.33023785,0.0206723792,0.05806680732,0.05059720883,0.06082093658,0.04889162754,0.03836556693
12.59,0.3339745675,0.02118862864,0.05834763367,0.05105377158,0.06118546947,0.04928575132,0.038808314
12.6,0.3339745675,0.02183524742,0.05871940942,0.05147888489,0.06154337969,0.04972347062,0.03925085722
12.61,0.347675865,0.02257822267,0.05917726218,0.05185184922,0.06186184015,0.05016098838,0.03969319669
12.62,0.347675865,0.02334761653,0.05968534349,0.0521818911,0.06213613906,0.05059830471,0.04017953489
12.63,0.347675865,0.02415686541,0.06019683094,0.05251508891,0.0623967556,0.05096986251,0.0406877122
12.64,0.377569605,0.02483072119,0.06068662878,0.05290704996,0.06269420462,0.05131943373,0.04128392809
12.65,0.377569605,0.0255714228,0.06115260784,0.05339388458,0.06307461931,0.05169071484,0.0419680099
12.66,0.377569605,0.02624430179,0.0616032305,0.05397784409,0.06356291171,0.05208367069,0.04276180769
12.67,0.3781034225,0.02698393433,0.06203959888,0.05462218042,0.0641462007,0.05258554837,0.04359901599
12.68,0.3781034225,0.02774539001,0.0624485646,0.05528304738,0.06478425747,0.05315255619,0.04447948831
12.69,0.42347785,0.02850624258,0.06281268362,0.05593584464,0.06543565377,0.05387174561,0.04535915007
12.7,0.42347785,0.02935591068,0.06313351729,0.05658601757,0.06607304948,0.0546121536,0.04619407862
12.71,0.42347785,0.03022715625,0.06343957582,0.05726135575,0.06669604143,0.05541724116,0.04700633244
12.72,0.42418961,0.03120917188,0.0637800251,0.05798089407,0.0673145368,0.05619991732,0.04783982037
12.73,0.42418961,0.03227931116,0.06420374126,0.05874171461,0.06793541249,0.05691679208,0.04869447739
12.74,0.42418961,0.03339279968,0.06473623862,0.05951145182,0.06854536667,0.05761143151,0.04957025879
12.75,0.420630825,0.03463837969,0.06537345917,0.0602530813,0.06912320064,0.05828386601,0.05051082131
12.76,0.420630825,0.03588235259,0.06608960057,0.06094590887,0.06965569095,0.05902082722,0.05149413384
12.77,0.41315739,0.03721341067,0.06685117773,0.06160214034,0.07015597418,0.05988708711,0.05247643557
12.78,0.41315739,0.03854263109,0.06762265565,0.06225899022,0.070669253,0.06092555336,0.05354488421
12.79,0.41315739,0.03989210996,0.06838448694,0.06296047279,0.07125068095,0.06200608065,0.05463390392
12.8,0.392872355,0.04128386201,0.06913090609,0.06374378392,0.07194116036,0.06319321852,0.05572167057
12.81,0.392872355,0.04273970911,0.06988293568,0.06462982493,0.07275133758,0.06442193344,0.05693846737
12.82,0.385043045,0.04434738404,0.07068421302,0.06562819916,0.07366532887,0.06569206374,0.05819706983
12.83,0.385043045,0.04610610544,0.07159318414,0.06674778576,0.07466450262,0.06698196661,0.05956227144
12.84,0.385043045,0.04808083826,0.07266526353,0.06800402617,0.07575177132,0.06839879017,0.06107683214
12.85,0.374366705,0.05024819988,0.0739276056,0.06941200516,0.07694892299,0.06998476946,0.06274005342
12.86,0.374366705,0.05267253925,0.07537091796,0.07097552324,0.07828163235,0.07167495122,0.06455109013
12.87,0.374366705,0.0552211827,0.07696481067,0.07269507246,0.07976308424,0.07353273615,0.0664876385
12.88,0.37151968,0.05789317074,0.07868388785,0.07456935027,0.08138240498,0.07549328462,0.06861312151
12.89,0.37151968,0.06066574384,0.08052404416,0.07659399935,0.0831080356,0.07753457995,0.0709905717
12.9,0.36297861,0.06351640772,0.08251474617,0.07877416544,0.08491766134,0.07982566657,0.07342594002
12.91,0.36297861,0.06637995353,0.08470073579,0.08112523048,0.08681413279,0.08211108436,0.07604642489
12.92,0.36297861,0.0692561651,0.08711759348,0.08366252732,0.08882920009,0.0845594757,0.07876555432
12.93,0.36226686,0.07218757886,0.08975948507,0.08638658166,0.09100391921,0.08710645191,0.08156131381
12.94,0.36226686,0.07515235818,0.0925805538,0.08928101249,0.09335904962,0.08977208529,0.08441182995
12.95,0.36582564,0.07817133208,0.09551744648,0.09231677645,0.09589212846,0.09255527768,0.08731654213
12.96,0.36582564,0.08124393557,0.09850940803,0.09545282778,0.0985769352,0.09545496629,0.09025391512
12.97,0.36582564,0.08449604222,0.1015096876,0.09864094644,0.1013766912,0.09846997501,0.09328626707
12.98,0.36653739,0.08779965682,0.1044886476,0.1018314916,0.1042607801,0.1015369549,0.09635007113
12.99,0.36653739,0.09115410553,0.1074238263,0.104977371,0.1072057222,0.1046347835,0.0994036271
13,0.36653739,0.09453794866,0.1102920305,0.1080315322,0.1101786942,0.1077425072,0.102467445
13.01,0.36724915,0.09784691888,0.1130603548,0.1109479596,0.1131244273,0.1107575322,0.1054179179
13.02,0.36724915,0.101019627,0.1157013716,0.1136936506,0.1159682244,0.1136399351,0.1083176287
13.03,0.3679609,0.1040780157,0.1181978882,0.1162514007,0.1186391588,0.1164113059,0.111064668
13.04,0.3679609,0.1068998286,0.1205470303,0.1186272466,0.1210960277,0.1190522509,0.1137012012
13.05,0.3679609,0.1095077431,0.1227580171,0.1208509546,0.1233500544,0.1215032822,0.1162078287
13.06,0.36440213,0.111883139,0.124857855,0.1229807958,0.1254694168,0.1238264765,0.1186059109
13.07,0.36440213,0.11417059,0.126881493,0.1250816929,0.1275480803,0.1259825137,0.1209367557
13.08,0.349455255,0.1162079411,0.1288689514,0.1272091003,0.1296620725,0.1281332912,0.1231402906
13.09,0.349455255,0.1184436157,0.1308636859,0.129393278,0.1318497038,0.1301385289,0.12531819
13.1,0.349455255,0.1204711391,0.1329027646,0.1316299816,0.1340954497,0.1321391548,0.1273299023
13.11,0.33261037,0.1224939994,0.1349998,0.133879895,0.1363437521,0.1341351794,0.1293369878
13.12,0.33261037,0.1246129318,0.1371418381,0.1360899763,0.1385279149,0.1361663548,0.1313394572
13.13,0.33261037,0.126767049,0.1392873029,0.138208112,0.1405882349,0.1383119007,0.1335168805
13.14,0.3304751,0.1289359404,0.1413770325,0.1401965393,0.1424827228,0.1404322328,0.1355296644
13.15,0.3304751,0.1309393321,0.1433423704,0.1420292638,0.1441771801,0.1424684746,0.1373391566
13.16,0.3162399867,0.1327784435,0.1451203717,0.1436865616,0.1456485809,0.1442831607,0.1392043392
13.17,0.3162399867,0.1342748413,0.1466483225,0.1451326261,0.1468689891,0.1458777119,0.1407687831
13.18,0.3162399867,0.1353904704,0.1478635829,0.1463085641,0.1478080745,0.147174789,0.1420736122
13.19,0.28468548,0.136067113,0.1487000465,0.1471355546,0.1484406819,0.1480972604,0.1430016001
13.2,0.28468548,0.1363256877,0.1490947544,0.147537269,0.1487490674,0.1485875377,0.1434948031
13.21,0.2654680775,0.1361665792,0.1490246067,0.1474807346,0.1487414232,0.1486463525,0.1435539711
13.22,0.2654680775,0.1356293507,0.1485104681,0.1469821631,0.1484346042,0.1482737908,0.1432186449
13.23,0.2654680775,0.1347332287,0.1476169047,0.1461082319,0.1478567413,0.147488938,0.1425476016
13.24,0.2209833425,0.133616769,0.146445728,0.1449631379,0.1470404792,0.1463103002,0.1415202955
13.25,0.2209833425,0.1322191798,0.14510939,0.1436617479,0.1460240708,0.1449331828,0.1402542377
13.26,0.2209833425,0.1306992479,0.1437110334,0.1423096094,0.144856032,0.1434355261,0.1389070104
13.27,0.1994527325,0.1291165087,0.142325012,0.1409842228,0.143589978,0.14189574,0.1374981185
13.28,0.1994527325,0.1275911795,0.1410042025,0.1397397934,0.1422845335,0.1404125877,0.1361068088
13.29,0.1887763975,0.126204029,0.1397895152,0.1386133697,0.140997479,0.1390854707,0.1348128952
13.3,0.1887763975,0.1250161784,0.1387208708,0.1376336148,0.1397802031,0.137895265,0.1336167873
13.31,0.1887763975,0.1240485861,0.1378333581,0.1368193162,0.1386696963,0.1368425577,0.1325588487
13.32,0.130946245,0.1233221989,0.137131511,0.1361613955,0.1376765005,0.1359676193,0.1316595756
13.33,0.130946245,0.1227568081,0.1365825813,0.1356162249,0.1367825368,0.1351515443,0.1308394299
13.34,0.130946245,0.1222314698,0.1361076953,0.1350983868,0.1359399678,0.1343944787,0.1300585686
13.35,0.122049295,0.1216855818,0.1355865645,0.1344861694,0.1350718738,0.1335569526,0.1292368876
13.36,0.122049295,0.1208762237,0.1348752888,0.1336361463,0.134076495,0.1325388655,0.1282137225
13.37,0.10674655,0.1196810492,0.1338250164,0.1324027853,0.1328319948,0.1312395273,0.1269481215
13.38,0.10674655,0.1180172612,0.1323134342,0.130679958,0.1312226742,0.1295374423,0.1252779419
13.39,0.10674655,0.1157192911,0.1302486077,0.1284039466,0.1291514598,0.1273699838,0.1231402255
13.4,0.093579065,0.1129047884,0.1275810067,0.1255619819,0.1265563415,0.1246328911,0.1204506774
13.41,0.093579065,0.1095689616,0.1243099783,0.1221869984,0.123425016,0.1213816079,0.1172651424
13.42,0.07827632,0.1058089185,0.1204944526,0.1183573817,0.1198032858,0.117651143,0.1136191903
13.43,0.07827632,0.1017227481,0.1162513903,0.114176242,0.1157859788,0.113537358,0.1095687774
13.44,0.07827632,0.09732704507,0.1117556132,0.109776715,0.1115155572,0.1091994979,0.1052320062
13.45,0.070802885,0.0928471838,0.1071988098,0.1052975055,0.1071501547,0.1047374034,0.1008121285
13.46,0.070802885,0.08830317919,0.102755267,0.1008701399,0.1028350457,0.1003358425,0.09639126898
13.47,0.070802885,0.08388405866,0.09855494962,0.09660917601,0.09869256184,0.09601675168,0.09217867565
13.48,0.06653235,0.0796768904,0.0946704439,0.0925988557,0.09480279499,0.09199056711,0.08807246856
13.49,0.06653235,0.07576950435,0.09111832259,0.08888882798,0.09120808106,0.08819852561,0.08428511343
13.5,0.08610563,0.07225155527,0.08788666238,0.08549575313,0.08791814798,0.08470676717,0.08077836658
13.51,0.08610563,0.0690846733,0.08494590227,0.08240447479,0.08491554497,0.08147664456,0.0775343354
13.52,0.08610563,0.0662510048,0.08227145798,0.0795884628,0.08217105985,0.07853218684,0.07457724694
13.53,0.08325861,0.06371055962,0.07984685997,0.07702013623,0.07965761642,0.0757910977,0.07180303674
13.54,0.08325861,0.061465817,0.07765204098,0.07467647458,0.07734380218,0.07325526564,0.06927769595
13.55,0.04411204,0.05932395259,0.0756601539,0.07253915109,0.07520006845,0.07092645266,0.06706777412
13.56,0.04411204,0.05743768921,0.0738396953,0.07059100514,0.07319668558,0.06878471695,0.0650248482
13.57,0.04411204,0.05572160549,0.07216499384,0.06881202298,0.07130764513,0.06683150172,0.06330100782
13.58,0.03770624,0.05422019177,0.07063150802,0.06718364818,0.06951567071,0.06511098242,0.06179003491
13.59,0.03770624,0.05293446622,0.06926181032,0.06569356121,0.06782177104,0.063602949,0.06042807274
13.6,0.03770624,0.05206184009,0.06836411916,0.06466667357,0.06662575701,0.06261066856,0.05945407435